date,coder,clan_file,audiofile,block,timestamp,clip,tier,label,multi-tier-parent,dont_share,training,reliability
,,0015_000607s_reliability.cha,0015_000607s.wav,35,862520_863560,1,FAN,,N,False,False,True
,,0015_000607s_reliability.cha,0015_000607s.wav,35,863560_864370,2,OLN,,N,False,False,True
,,0015_000607s_reliability.cha,0015_000607s.wav,35,864370_865500,3,FAN,,N,False,False,True
,,0015_000607s_reliability.cha,0015_000607s.wav,35,865500_866440,4,OLN,,N,False,False,True
,,0015_000607s_reliability.cha,0015_000607s.wav,35,866440_866580,5,CHN,,N,False,False,True
,,0015_000607s_reliability.cha,0015_000607s.wav,35,866580_866930,6,CHN,,866440_866580,False,False,True
,,0015_000607s_reliability.cha,0015_000607s.wav,35,866930_867130,7,CHN,,866440_866580,False,False,True
,,0015_000607s_reliability.cha,0015_000607s.wav,35,867130_868130,8,FAN,,N,False,False,True
,,0015_000607s_reliability.cha,0015_000607s.wav,35,868130_868920,9,CHN,,N,False,False,True
,,0015_000607s_reliability.cha,0015_000607s.wav,35,868920_870200,10,FAN,,N,False,False,True
,,0015_000607s_reliability.cha,0015_000607s.wav,35,870200_870780,11,CHN,,N,False,False,True
,,0015_000607s_reliability.cha,0015_000607s.wav,35,870780_871170,12,CHN,,870200_870780,False,False,True
,,0015_000607s_reliability.cha,0015_000607s.wav,35,871170_871590,13,CHN,,870200_870780,False,False,True
,,0015_000607s_reliability.cha,0015_000607s.wav,35,871590_872410,14,OLN,,N,False,False,True
,,0015_000607s_reliability.cha,0015_000607s.wav,35,872410_873340,15,CXN,,N,False,False,True
,,0015_000607s_reliability.cha,0015_000607s.wav,35,873340_877180,16,MAN,,N,False,False,True
,,0015_000607s_reliability.cha,0015_000607s.wav,35,877180_878520,17,OLF,,N,False,False,True
,,0015_000607s_reliability.cha,0015_000607s.wav,35,878520_880130,18,MAF,,N,False,False,True
,,0015_000607s_reliability.cha,0015_000607s.wav,35,880130_881470,19,FAN,,N,False,False,True
,,0015_000607s_reliability.cha,0015_000607s.wav,35,881470_882490,20,MAN,,N,False,False,True
,,0015_000607s_reliability.cha,0015_000607s.wav,35,882490_883740,21,OLN,,N,False,False,True
,,0015_000607s_reliability.cha,0015_000607s.wav,35,883740_883890,22,CHF,,N,False,False,True
,,0015_000607s_reliability.cha,0015_000607s.wav,35,883890_884360,23,CHF,,883740_883890,False,False,True
,,0015_000607s_reliability.cha,0015_000607s.wav,35,884360_885930,24,OLN,,N,False,False,True
,,0015_000607s_reliability.cha,0015_000607s.wav,35,885930_886140,25,CHN,,N,False,False,True
,,0015_000607s_reliability.cha,0015_000607s.wav,35,886140_886860,26,CHN,,885930_886140,False,False,True
,,0015_000607s_reliability.cha,0015_000607s.wav,35,886860_888260,27,OLN,,N,False,False,True
,,0015_000607s_reliability.cha,0015_000607s.wav,35,888260_889300,28,CHN,,N,False,False,True
,,0015_000607s_reliability.cha,0015_000607s.wav,35,889300_890300,29,CHN,,N,False,False,True
,,0015_000607s_reliability.cha,0015_000607s.wav,35,890300_891150,30,OLN,,N,False,False,True
,,0015_000607s_reliability.cha,0015_000607s.wav,35,891150_892210,31,FAN,,N,False,False,True
,,0015_000607s_reliability.cha,0015_000607s.wav,35,892210_893260,32,MAN,,N,False,False,True
,,0015_000607s_reliability.cha,0015_000607s.wav,35,893260_894780,33,OLN,,N,False,False,True
,,0015_000607s_reliability.cha,0015_000607s.wav,35,894780_895780,34,MAN,,N,False,False,True
,,0015_000607s_reliability.cha,0015_000607s.wav,35,895780_896940,35,CHN,,N,False,False,True
,,0015_000607s_reliability.cha,0015_000607s.wav,35,896940_897760,36,OLN,,N,False,False,True
,,0015_000607s_reliability.cha,0015_000607s.wav,35,897760_898360,37,CHN,,N,False,False,True
,,0015_000607s_reliability.cha,0015_000607s.wav,35,898360_899160,38,OLN,,N,False,False,True
,,0015_000607s_reliability.cha,0015_000607s.wav,35,899160_900420,39,CHN,,N,False,False,True
,,0015_000607s_reliability.cha,0015_000607s.wav,35,900420_901600,40,CHN,,N,False,False,True
,,0015_000607s_reliability.cha,0015_000607s.wav,35,901600_901960,41,CHN,,900420_901600,False,False,True
,,0015_000607s_reliability.cha,0015_000607s.wav,35,901960_902690,42,CHN,,900420_901600,False,False,True
,,0015_000607s_reliability.cha,0015_000607s.wav,35,902690_903050,43,CHN,,900420_901600,False,False,True
,,0015_000607s_reliability.cha,0015_000607s.wav,35,903050_903370,44,CHN,,900420_901600,False,False,True
,,0015_000607s_reliability.cha,0015_000607s.wav,35,903370_904490,45,OLN,,N,False,False,True
,,0015_000607s_reliability.cha,0015_000607s.wav,35,904490_906060,46,CHN,,N,False,False,True
,,0015_000607s_reliability.cha,0015_000607s.wav,35,906060_907180,47,NOF,,N,False,False,True
,,0015_000607s_reliability.cha,0015_000607s.wav,35,907180_908240,48,FAN,,N,False,False,True
,,0015_000607s_reliability.cha,0015_000607s.wav,35,908240_909040,49,OLN,,N,False,False,True
,,0015_000607s_reliability.cha,0015_000607s.wav,35,909040_910360,50,CHN,,N,False,False,True
,,0015_000607s_reliability.cha,0015_000607s.wav,35,910360_911160,51,OLN,,N,False,False,True
,,0015_000607s_reliability.cha,0015_000607s.wav,35,911160_911340,52,CHN,,N,False,False,True
,,0015_000607s_reliability.cha,0015_000607s.wav,35,911340_911670,53,CHN,,911160_911340,False,False,True
,,0015_000607s_reliability.cha,0015_000607s.wav,35,911670_912300,54,CHN,,911160_911340,False,False,True
,,0015_000607s_reliability.cha,0015_000607s.wav,35,912300_912670,55,CHN,,911160_911340,False,False,True
,,0015_000607s_reliability.cha,0015_000607s.wav,35,912670_913280,56,CHN,,911160_911340,False,False,True
