date,coder,clan_file,audiofile,block,timestamp,clip,tier,label,multi-tier-parent,dont_share,training,reliability
,,e20150511_120645_009236_reliability.cha,e20150511_120645_009236.wav,4,107840_109200,1,FAN,,N,False,False,True
,,e20150511_120645_009236_reliability.cha,e20150511_120645_009236.wav,4,109200_110910,2,NOF,,N,False,False,True
,,e20150511_120645_009236_reliability.cha,e20150511_120645_009236.wav,4,110910_111730,3,CHN,,N,False,False,True
,,e20150511_120645_009236_reliability.cha,e20150511_120645_009236.wav,4,111730_112860,4,FAN,,N,False,False,True
,,e20150511_120645_009236_reliability.cha,e20150511_120645_009236.wav,4,112860_114160,5,SIL,,N,False,False,True
,,e20150511_120645_009236_reliability.cha,e20150511_120645_009236.wav,4,114160_116800,6,FAN,,N,False,False,True
,,e20150511_120645_009236_reliability.cha,e20150511_120645_009236.wav,4,116800_118190,7,SIL,,N,False,False,True
,,e20150511_120645_009236_reliability.cha,e20150511_120645_009236.wav,4,118190_120780,8,FAN,,N,False,False,True
,,e20150511_120645_009236_reliability.cha,e20150511_120645_009236.wav,4,120780_122300,9,SIL,,N,False,False,True
,,e20150511_120645_009236_reliability.cha,e20150511_120645_009236.wav,4,122300_123310,10,FAN,,N,False,False,True
,,e20150511_120645_009236_reliability.cha,e20150511_120645_009236.wav,4,123310_124110,11,TVF,,N,False,False,True
,,e20150511_120645_009236_reliability.cha,e20150511_120645_009236.wav,4,124110_125110,12,FAN,,N,False,False,True
,,e20150511_120645_009236_reliability.cha,e20150511_120645_009236.wav,4,125110_126110,13,TVF,,N,False,False,True
,,e20150511_120645_009236_reliability.cha,e20150511_120645_009236.wav,4,126110_128560,14,FAN,,N,False,False,True
,,e20150511_120645_009236_reliability.cha,e20150511_120645_009236.wav,4,128560_129500,15,NOF,,N,False,False,True
,,e20150511_120645_009236_reliability.cha,e20150511_120645_009236.wav,4,129500_130170,16,CHN,,N,False,False,True
,,e20150511_120645_009236_reliability.cha,e20150511_120645_009236.wav,4,130170_130470,17,CHN,,129500_130170,False,False,True
,,e20150511_120645_009236_reliability.cha,e20150511_120645_009236.wav,4,130470_130620,18,CHN,,129500_130170,False,False,True
,,e20150511_120645_009236_reliability.cha,e20150511_120645_009236.wav,4,130620_132040,19,CHN,,N,False,False,True
,,e20150511_120645_009236_reliability.cha,e20150511_120645_009236.wav,4,132040_134080,20,OLN,,N,False,False,True
,,e20150511_120645_009236_reliability.cha,e20150511_120645_009236.wav,4,134080_134700,21,CHN,,N,False,False,True
,,e20150511_120645_009236_reliability.cha,e20150511_120645_009236.wav,4,134700_135530,22,NOF,,N,False,False,True
,,e20150511_120645_009236_reliability.cha,e20150511_120645_009236.wav,4,135530_136580,23,FAN,,N,False,False,True
,,e20150511_120645_009236_reliability.cha,e20150511_120645_009236.wav,4,136580_136900,24,CHN,,N,False,False,True
,,e20150511_120645_009236_reliability.cha,e20150511_120645_009236.wav,4,136900_137180,25,CHN,,136580_136900,False,False,True
,,e20150511_120645_009236_reliability.cha,e20150511_120645_009236.wav,4,137180_138040,26,OLN,,N,False,False,True
,,e20150511_120645_009236_reliability.cha,e20150511_120645_009236.wav,4,138040_138730,27,CHN,,N,False,False,True
,,e20150511_120645_009236_reliability.cha,e20150511_120645_009236.wav,4,138730_139060,28,CHN,,138040_138730,False,False,True
,,e20150511_120645_009236_reliability.cha,e20150511_120645_009236.wav,4,139060_140330,29,SIL,,N,False,False,True
,,e20150511_120645_009236_reliability.cha,e20150511_120645_009236.wav,4,140330_141900,30,FAN,,N,False,False,True
,,e20150511_120645_009236_reliability.cha,e20150511_120645_009236.wav,4,141900_142720,31,NOF,,N,False,False,True
,,e20150511_120645_009236_reliability.cha,e20150511_120645_009236.wav,4,142720_144810,32,FAN,,N,False,False,True
,,e20150511_120645_009236_reliability.cha,e20150511_120645_009236.wav,4,144810_145290,33,CHN,,N,False,False,True
,,e20150511_120645_009236_reliability.cha,e20150511_120645_009236.wav,4,145290_145410,34,CHN,,144810_145290,False,False,True
,,e20150511_120645_009236_reliability.cha,e20150511_120645_009236.wav,4,145410_146410,35,FAN,,N,False,False,True
,,e20150511_120645_009236_reliability.cha,e20150511_120645_009236.wav,4,146410_147210,36,NOF,,N,False,False,True
,,e20150511_120645_009236_reliability.cha,e20150511_120645_009236.wav,4,147210_147520,37,CHN,,N,False,False,True
,,e20150511_120645_009236_reliability.cha,e20150511_120645_009236.wav,4,147520_147890,38,CHN,,147210_147520,False,False,True
,,e20150511_120645_009236_reliability.cha,e20150511_120645_009236.wav,4,147890_149220,39,FAN,,N,False,False,True
,,e20150511_120645_009236_reliability.cha,e20150511_120645_009236.wav,4,149220_150020,40,OLN,,N,False,False,True
,,e20150511_120645_009236_reliability.cha,e20150511_120645_009236.wav,4,150020_150770,41,CHN,,N,False,False,True
,,e20150511_120645_009236_reliability.cha,e20150511_120645_009236.wav,4,150770_151020,42,CHN,,150020_150770,False,False,True
,,e20150511_120645_009236_reliability.cha,e20150511_120645_009236.wav,4,151020_152350,43,FAN,,N,False,False,True
,,e20150511_120645_009236_reliability.cha,e20150511_120645_009236.wav,4,152350_153330,44,NOF,,N,False,False,True
,,e20150511_120645_009236_reliability.cha,e20150511_120645_009236.wav,4,153330_154300,45,OLN,,N,False,False,True
,,e20150511_120645_009236_reliability.cha,e20150511_120645_009236.wav,4,154300_155100,46,OLF,,N,False,False,True
,,e20150511_120645_009236_reliability.cha,e20150511_120645_009236.wav,4,155100_156130,47,CHN,,N,False,False,True
,,e20150511_120645_009236_reliability.cha,e20150511_120645_009236.wav,4,156130_158100,48,FAN,,N,False,False,True
,,e20150511_120645_009236_reliability.cha,e20150511_120645_009236.wav,4,158100_158910,49,NOF,,N,False,False,True
,,e20150511_120645_009236_reliability.cha,e20150511_120645_009236.wav,4,158910_159520,50,FAN,,N,False,False,True
,,e20150511_120645_009236_reliability.cha,e20150511_120645_009236.wav,4,159520_161330,51,NOF,,N,False,False,True
,,e20150511_120645_009236_reliability.cha,e20150511_120645_009236.wav,4,161330_162530,52,OLN,,N,False,False,True
,,e20150511_120645_009236_reliability.cha,e20150511_120645_009236.wav,4,162530_163370,53,CHN,,N,False,False,True
,,e20150511_120645_009236_reliability.cha,e20150511_120645_009236.wav,4,163370_164380,54,FAN,,N,False,False,True
,,e20150511_120645_009236_reliability.cha,e20150511_120645_009236.wav,4,164380_166110,55,SIL,,N,False,False,True
,,e20150511_120645_009236_reliability.cha,e20150511_120645_009236.wav,4,166110_166190,56,CHN,,N,False,False,True
,,e20150511_120645_009236_reliability.cha,e20150511_120645_009236.wav,4,166190_166300,57,CHN,,166110_166190,False,False,True
,,e20150511_120645_009236_reliability.cha,e20150511_120645_009236.wav,4,166300_166710,58,CHN,,166110_166190,False,False,True
,,e20150511_120645_009236_reliability.cha,e20150511_120645_009236.wav,4,166710_169110,59,NOF,,N,False,False,True
,,e20150511_120645_009236_reliability.cha,e20150511_120645_009236.wav,4,169110_171060,60,FAN,,N,False,False,True
,,e20150511_120645_009236_reliability.cha,e20150511_120645_009236.wav,4,171060_172240,61,NOF,,N,False,False,True
,,e20150511_120645_009236_reliability.cha,e20150511_120645_009236.wav,4,172240_173060,62,CHN,,N,False,False,True
,,e20150511_120645_009236_reliability.cha,e20150511_120645_009236.wav,4,173060_173390,63,CHN,,172240_173060,False,False,True
,,e20150511_120645_009236_reliability.cha,e20150511_120645_009236.wav,4,173390_174270,64,NOF,,N,False,False,True
,,e20150511_120645_009236_reliability.cha,e20150511_120645_009236.wav,4,174270_175360,65,FAN,,N,False,False,True
,,e20150511_120645_009236_reliability.cha,e20150511_120645_009236.wav,4,175360_176840,66,SIL,,N,False,False,True
,,e20150511_120645_009236_reliability.cha,e20150511_120645_009236.wav,4,176840_177840,67,FAN,,N,False,False,True
,,e20150511_120645_009236_reliability.cha,e20150511_120645_009236.wav,4,177840_178640,68,SIL,,N,False,False,True
,,e20150511_120645_009236_reliability.cha,e20150511_120645_009236.wav,4,178640_180760,69,NOF,,N,False,False,True
,,e20150511_120645_009236_reliability.cha,e20150511_120645_009236.wav,4,180760_181910,70,FAN,,N,False,False,True
,,e20150511_120645_009236_reliability.cha,e20150511_120645_009236.wav,4,181910_182790,71,NOF,,N,False,False,True
,,e20150511_120645_009236_reliability.cha,e20150511_120645_009236.wav,4,182790_184640,72,FAN,,N,False,False,True
,,e20150511_120645_009236_reliability.cha,e20150511_120645_009236.wav,4,184640_185440,73,SIL,,N,False,False,True
,,e20150511_120645_009236_reliability.cha,e20150511_120645_009236.wav,4,185440_187230,74,FAN,,N,False,False,True
,,e20150511_120645_009236_reliability.cha,e20150511_120645_009236.wav,4,187230_188030,75,SIL,,N,False,False,True
,,e20150511_120645_009236_reliability.cha,e20150511_120645_009236.wav,4,188030_189030,76,FAN,,N,False,False,True
,,e20150511_120645_009236_reliability.cha,e20150511_120645_009236.wav,4,189030_190620,77,NOF,,N,False,False,True
,,e20150511_120645_009236_reliability.cha,e20150511_120645_009236.wav,4,190620_193780,78,FAN,,N,False,False,True
,,e20150511_120645_009236_reliability.cha,e20150511_120645_009236.wav,4,193780_194790,79,NOF,,N,False,False,True
,,e20150511_120645_009236_reliability.cha,e20150511_120645_009236.wav,4,194790_195880,80,CHN,,N,False,False,True
,,e20150511_120645_009236_reliability.cha,e20150511_120645_009236.wav,4,195880_195980,81,CHN,,N,False,False,True
,,e20150511_120645_009236_reliability.cha,e20150511_120645_009236.wav,4,195980_196600,82,CHN,,195880_195980,False,False,True
,,e20150511_120645_009236_reliability.cha,e20150511_120645_009236.wav,4,196600_197280,83,CHN,,195880_195980,False,False,True
,,e20150511_120645_009236_reliability.cha,e20150511_120645_009236.wav,4,197280_198380,84,FAN,,N,False,False,True
,,e20150511_120645_009236_reliability.cha,e20150511_120645_009236.wav,4,198380_200260,85,TVF,,N,False,False,True
,,e20150511_120645_009236_reliability.cha,e20150511_120645_009236.wav,4,200260_201350,86,FAN,,N,False,False,True
,,e20150511_120645_009236_reliability.cha,e20150511_120645_009236.wav,4,201350_202150,87,SIL,,N,False,False,True
,,e20150511_120645_009236_reliability.cha,e20150511_120645_009236.wav,4,202150_203270,88,FAN,,N,False,False,True
,,e20150511_120645_009236_reliability.cha,e20150511_120645_009236.wav,4,203270_204070,89,OLN,,N,False,False,True
,,e20150511_120645_009236_reliability.cha,e20150511_120645_009236.wav,4,204070_206210,90,FAN,,N,False,False,True
,,e20150511_120645_009236_reliability.cha,e20150511_120645_009236.wav,4,206210_206290,91,CHN,,N,False,False,True
,,e20150511_120645_009236_reliability.cha,e20150511_120645_009236.wav,4,206290_207060,92,CHN,,206210_206290,False,False,True
,,e20150511_120645_009236_reliability.cha,e20150511_120645_009236.wav,4,207060_207410,93,CHN,,206210_206290,False,False,True
,,e20150511_120645_009236_reliability.cha,e20150511_120645_009236.wav,4,207410_208090,94,CHN,,206210_206290,False,False,True
,,e20150511_120645_009236_reliability.cha,e20150511_120645_009236.wav,4,208090_209090,95,FAN,,N,False,False,True
,,e20150511_120645_009236_reliability.cha,e20150511_120645_009236.wav,4,209090_211710,96,SIL,,N,False,False,True
,,e20150511_120645_009236_reliability.cha,e20150511_120645_009236.wav,4,211710_213480,97,FAN,,N,False,False,True
,,e20150511_120645_009236_reliability.cha,e20150511_120645_009236.wav,4,213480_214680,98,NOF,,N,False,False,True
,,e20150511_120645_009236_reliability.cha,e20150511_120645_009236.wav,4,214680_215730,99,FAN,,N,False,False,True
,,e20150511_120645_009236_reliability.cha,e20150511_120645_009236.wav,4,215730_216680,100,SIL,,N,False,False,True
,,e20150511_120645_009236_reliability.cha,e20150511_120645_009236.wav,4,216680_217680,101,MAN,,N,False,False,True
,,e20150511_120645_009236_reliability.cha,e20150511_120645_009236.wav,4,217680_219150,102,CHN,,N,False,False,True
,,e20150511_120645_009236_reliability.cha,e20150511_120645_009236.wav,4,219150_219950,103,NOF,,N,False,False,True
,,e20150511_120645_009236_reliability.cha,e20150511_120645_009236.wav,4,219950_220790,104,OLN,,N,False,False,True
,,e20150511_120645_009236_reliability.cha,e20150511_120645_009236.wav,4,220790_221590,105,NOF,,N,False,False,True
,,e20150511_120645_009236_reliability.cha,e20150511_120645_009236.wav,4,221590_222390,106,OLN,,N,False,False,True
,,e20150511_120645_009236_reliability.cha,e20150511_120645_009236.wav,4,222390_223000,107,CHN,,N,False,False,True
,,e20150511_120645_009236_reliability.cha,e20150511_120645_009236.wav,4,223000_224050,108,FAN,,N,False,False,True
,,e20150511_120645_009236_reliability.cha,e20150511_120645_009236.wav,4,224050_224850,109,OLN,,N,False,False,True
,,e20150511_120645_009236_reliability.cha,e20150511_120645_009236.wav,4,224850_225640,110,CHN,,N,False,False,True
,,e20150511_120645_009236_reliability.cha,e20150511_120645_009236.wav,4,225640_225850,111,CHN,,224850_225640,False,False,True
,,e20150511_120645_009236_reliability.cha,e20150511_120645_009236.wav,4,225850_226740,112,NOF,,N,False,False,True
,,e20150511_120645_009236_reliability.cha,e20150511_120645_009236.wav,4,226740_228730,113,FAN,,N,False,False,True
,,e20150511_120645_009236_reliability.cha,e20150511_120645_009236.wav,4,228730_230850,114,OLN,,N,False,False,True
,,e20150511_120645_009236_reliability.cha,e20150511_120645_009236.wav,4,230850_233350,115,FAN,,N,False,False,True
,,e20150511_120645_009236_reliability.cha,e20150511_120645_009236.wav,4,233350_234870,116,OLF,,N,False,False,True
,,e20150511_120645_009236_reliability.cha,e20150511_120645_009236.wav,4,234870_235890,117,FAN,,N,False,False,True
,,e20150511_120645_009236_reliability.cha,e20150511_120645_009236.wav,4,235890_240130,118,OLF,,N,False,False,True
,,e20150511_120645_009236_reliability.cha,e20150511_120645_009236.wav,4,240130_241130,119,FAN,,N,False,False,True
,,e20150511_120645_009236_reliability.cha,e20150511_120645_009236.wav,4,241130_242990,120,OLF,,N,False,False,True
,,e20150511_120645_009236_reliability.cha,e20150511_120645_009236.wav,4,242990_244070,121,FAN,,N,False,False,True
