date,coder,clan_file,audiofile,block,timestamp,clip,tier,label,multi-tier-parent,dont_share,training,reliability
,,0274_000221_reliability.cha,0274_000221.wav,12,176750_177460,1,CHN,,N,False,False,True
,,0274_000221_reliability.cha,0274_000221.wav,12,177460_177580,2,CHN,,N,False,False,True
,,0274_000221_reliability.cha,0274_000221.wav,12,177580_178130,3,CHN,,177460_177580,False,False,True
,,0274_000221_reliability.cha,0274_000221.wav,12,178130_178470,4,CHN,,177460_177580,False,False,True
,,0274_000221_reliability.cha,0274_000221.wav,12,178470_179070,5,FAN,,N,False,False,True
,,0274_000221_reliability.cha,0274_000221.wav,12,179070_179870,6,OLN,,N,False,False,True
,,0274_000221_reliability.cha,0274_000221.wav,12,179870_180870,7,FAN,,N,False,False,True
,,0274_000221_reliability.cha,0274_000221.wav,12,180870_181950,8,OLN,,N,False,False,True
,,0274_000221_reliability.cha,0274_000221.wav,12,181950_183470,9,CHN,,N,False,False,True
,,0274_000221_reliability.cha,0274_000221.wav,12,183470_184470,10,FAN,,N,False,False,True
,,0274_000221_reliability.cha,0274_000221.wav,12,184470_186080,11,OLN,,N,False,False,True
,,0274_000221_reliability.cha,0274_000221.wav,12,186080_186950,12,CHN,,N,False,False,True
,,0274_000221_reliability.cha,0274_000221.wav,12,186950_187750,13,CXN,,N,False,False,True
,,0274_000221_reliability.cha,0274_000221.wav,12,187750_188750,14,FAN,,N,False,False,True
,,0274_000221_reliability.cha,0274_000221.wav,12,188750_189180,15,CHN,,N,False,False,True
,,0274_000221_reliability.cha,0274_000221.wav,12,189180_189350,16,CHN,,188750_189180,False,False,True
,,0274_000221_reliability.cha,0274_000221.wav,12,189350_190880,17,FAN,,N,False,False,True
,,0274_000221_reliability.cha,0274_000221.wav,12,190880_191560,18,FAN,,N,False,False,True
,,0274_000221_reliability.cha,0274_000221.wav,12,191560_194320,19,FAN,,N,False,False,True
,,0274_000221_reliability.cha,0274_000221.wav,12,194320_194960,20,CHN,,N,False,False,True
,,0274_000221_reliability.cha,0274_000221.wav,12,194960_195860,21,CXN,,N,False,False,True
,,0274_000221_reliability.cha,0274_000221.wav,12,195860_196660,22,CHN,,N,False,False,True
,,0274_000221_reliability.cha,0274_000221.wav,12,196660_197460,23,CXN,,N,False,False,True
,,0274_000221_reliability.cha,0274_000221.wav,12,197460_198050,24,CHN,,N,False,False,True
,,0274_000221_reliability.cha,0274_000221.wav,12,198050_198160,25,CHN,,197460_198050,False,False,True
,,0274_000221_reliability.cha,0274_000221.wav,12,198160_198270,26,CHN,,197460_198050,False,False,True
,,0274_000221_reliability.cha,0274_000221.wav,12,198270_199530,27,FAN,,N,False,False,True
,,0274_000221_reliability.cha,0274_000221.wav,12,199530_200530,28,TVF,,N,False,False,True
,,0274_000221_reliability.cha,0274_000221.wav,12,200530_202470,29,CHN,,N,False,False,True
,,0274_000221_reliability.cha,0274_000221.wav,12,202470_202600,30,CHN,,200530_202470,False,False,True
,,0274_000221_reliability.cha,0274_000221.wav,12,202600_203510,31,CXN,,N,False,False,True
,,0274_000221_reliability.cha,0274_000221.wav,12,203510_204580,32,FAN,,N,False,False,True
,,0274_000221_reliability.cha,0274_000221.wav,12,204580_204760,33,CHN,,N,False,False,True
,,0274_000221_reliability.cha,0274_000221.wav,12,204760_205180,34,CHN,,204580_204760,False,False,True
,,0274_000221_reliability.cha,0274_000221.wav,12,205180_206180,35,FAN,,N,False,False,True
,,0274_000221_reliability.cha,0274_000221.wav,12,206180_206290,36,CHN,,N,False,False,True
,,0274_000221_reliability.cha,0274_000221.wav,12,206290_206780,37,CHN,,206180_206290,False,False,True
,,0274_000221_reliability.cha,0274_000221.wav,12,206780_207580,38,NOF,,N,False,False,True
,,0274_000221_reliability.cha,0274_000221.wav,12,207580_208190,39,FAN,,N,False,False,True
,,0274_000221_reliability.cha,0274_000221.wav,12,208190_209010,40,CXN,,N,False,False,True
,,0274_000221_reliability.cha,0274_000221.wav,12,209010_209830,41,OLN,,N,False,False,True
,,0274_000221_reliability.cha,0274_000221.wav,12,209830_210860,42,FAN,,N,False,False,True
,,0274_000221_reliability.cha,0274_000221.wav,12,210860_211730,43,CXN,,N,False,False,True
,,0274_000221_reliability.cha,0274_000221.wav,12,211730_212530,44,NOF,,N,False,False,True
,,0274_000221_reliability.cha,0274_000221.wav,12,212530_212720,45,CHN,,N,False,False,True
,,0274_000221_reliability.cha,0274_000221.wav,12,212720_213000,46,CHN,,212530_212720,False,False,True
,,0274_000221_reliability.cha,0274_000221.wav,12,213000_213130,47,CHN,,212530_212720,False,False,True
,,0274_000221_reliability.cha,0274_000221.wav,12,213130_213930,48,CXN,,N,False,False,True
,,0274_000221_reliability.cha,0274_000221.wav,12,213930_214650,49,CHN,,N,False,False,True
,,0274_000221_reliability.cha,0274_000221.wav,12,214650_214730,50,CHN,,213930_214650,False,False,True
,,0274_000221_reliability.cha,0274_000221.wav,12,214730_217020,51,FAN,,N,False,False,True
,,0274_000221_reliability.cha,0274_000221.wav,12,217020_217820,52,NOF,,N,False,False,True
,,0274_000221_reliability.cha,0274_000221.wav,12,217820_218730,53,CXN,,N,False,False,True
,,0274_000221_reliability.cha,0274_000221.wav,12,218730_219760,54,OLF,,N,False,False,True
,,0274_000221_reliability.cha,0274_000221.wav,12,219760_220390,55,CHN,,N,False,False,True
,,0274_000221_reliability.cha,0274_000221.wav,12,220390_221590,56,OLN,,N,False,False,True
,,0274_000221_reliability.cha,0274_000221.wav,12,221590_221740,57,CHN,,N,False,False,True
,,0274_000221_reliability.cha,0274_000221.wav,12,221740_222250,58,CHN,,221590_221740,False,False,True
,,0274_000221_reliability.cha,0274_000221.wav,12,222250_223050,59,OLN,,N,False,False,True
,,0274_000221_reliability.cha,0274_000221.wav,12,223050_223910,60,CXN,,N,False,False,True
,,0274_000221_reliability.cha,0274_000221.wav,12,223910_224740,61,OLN,,N,False,False,True
,,0274_000221_reliability.cha,0274_000221.wav,12,224740_225550,62,NOF,,N,False,False,True
,,0274_000221_reliability.cha,0274_000221.wav,12,225550_226660,63,CHN,,N,False,False,True
,,0274_000221_reliability.cha,0274_000221.wav,12,226660_227770,64,OLN,,N,False,False,True
,,0274_000221_reliability.cha,0274_000221.wav,12,227770_229110,65,NOF,,N,False,False,True
,,0274_000221_reliability.cha,0274_000221.wav,12,229110_230200,66,FAN,,N,False,False,True
,,0274_000221_reliability.cha,0274_000221.wav,12,230200_231080,67,OLN,,N,False,False,True
,,0274_000221_reliability.cha,0274_000221.wav,12,231080_232680,68,FAN,,N,False,False,True
,,0274_000221_reliability.cha,0274_000221.wav,12,232680_234400,69,OLN,,N,False,False,True
,,0274_000221_reliability.cha,0274_000221.wav,12,234400_235030,70,CHN,,N,False,False,True
,,0274_000221_reliability.cha,0274_000221.wav,12,235030_236630,71,OLN,,N,False,False,True
,,0274_000221_reliability.cha,0274_000221.wav,12,236630_238230,72,FAN,,N,False,False,True
